{
    "v_feeding_g01_100.avi": {
        "clip_index": [
            0,
            1
        ],
        "prediction": [
            "Feeding",
            "Feeding"
        ],
        "probs": [
            [
                0.4673263430595398,
                0.12602823972702026,
                0.40664541721343994
            ],
            [
                0.8414867520332336,
                0.04595421254634857,
                0.11255908012390137
            ]
        ]
    },
    "v_feeding_g01_161.avi": {
        "clip_index": [
            0,
            1,
            2,
            3,
            4,
            5,
            6,
            7
        ],
        "prediction": [
            "Feeding",
            "Feeding",
            "Feeding",
            "Feeding",
            "Feeding",
            "Feeding",
            "Feeding",
            "Feeding"
        ],
        "probs": [
            [
                0.8264674544334412,
                0.02581133507192135,
                0.14772123098373413
            ],
            [
                0.8385341763496399,
                0.016192644834518433,
                0.1452730894088745
            ],
            [
                0.6867218017578125,
                0.030509179458022118,
                0.28276899456977844
            ],
            [
                0.7161517143249512,
                0.06658841669559479,
                0.21725989878177643
            ],
            [
                0.9242108464241028,
                0.00988782662898302,
                0.06590129435062408
            ],
            [
                0.9554105997085571,
                0.008267723023891449,
                0.03632166236639023
            ],
            [
                0.9718325734138489,
                0.008578321896493435,
                0.01958908885717392
            ],
            [
                0.8950438499450684,
                0.01119543518871069,
                0.0937606617808342
            ]
        ]
    }
}